train/critic_addnl_loss,train/episode,test/mean_Q,stats_o/mean,stats_o/std,stats_g/std,test/success_rate,train/critic_loss,train/success_rate,test/episode,epoch,stats_g/mean
0.0,20.0,-1.3489033,0.25585228,0.02758509,0.090427674,0.0,0.013077202,0.016666666666666666,20.0,0,0.87133026
0.0,40.0,-1.6943496,0.2580729,0.026813403,0.08752161,0.05833333333333334,0.0064345985,0.05833333333333333,40.0,1,0.87353945
0.0,60.0,-1.7262455,0.25929397,0.026510367,0.08710441,0.375,0.0045738877,0.19999999999999998,60.0,2,0.8739397
0.0,80.0,-2.0450404,0.26046556,0.026166147,0.08695665,0.4916666666666667,0.0042421543,0.4083333333333334,80.0,3,0.8761379
0.0,100.0,-2.0713136,0.2608589,0.025852198,0.08638356,0.5833333333333334,0.0061335824,0.4833333333333334,100.0,4,0.875899
0.0,120.0,-1.9851435,0.2608208,0.025766706,0.08652993,0.725,0.008528865,0.6666666666666666,120.0,5,0.8745694
0.0,140.0,-1.578876,0.26072568,0.0258572,0.08616692,0.9166666666666666,0.0073199165,0.725,140.0,6,0.87391824
0.0,160.0,-1.6512421,0.2606582,0.026092717,0.08573566,0.85,0.010011311,0.6916666666666668,160.0,7,0.87388176
