stats_o/std,stats_o/mean,test/mean_Q,stats_g/std,train/episode,epoch,test/success_rate,test/episode,test/ag_g_dist,train/critic_loss,train/success_rate,stats_g/mean
0.031568415,0.26244897,-0.34575543,0.098448314,20.0,0,0.6916666666666668,20.0,0.088688634,0.08800169,0.2416666666666667,0.87414485
0.029445698,0.26324406,-0.30075333,0.090569906,40.0,1,0.9833333333333334,40.0,0.058462124,0.05661883,0.5750000000000001,0.8768449
0.029046888,0.26312605,-0.23217781,0.08859507,60.0,2,1.0,60.0,0.042044383,0.037758093,0.7333333333333334,0.8765138
0.029095476,0.26345924,-0.18842928,0.08788037,80.0,3,1.0,80.0,0.041470625,0.028243884,0.7833333333333332,0.87831926
0.029119605,0.26321086,-0.16120213,0.08689008,100.0,4,1.0,100.0,0.044403363,0.023450935,0.7833333333333333,0.8773853
0.029269189,0.26277262,-0.09537689,0.08662454,120.0,5,1.0,120.0,0.045017432,0.020021247,0.7833333333333333,0.87569636
0.029372195,0.26253897,-0.11354985,0.08605819,140.0,6,1.0,140.0,0.045865525,0.013878893,0.8083333333333332,0.8748217
